--
-- PostgreSQL database dump
--

-- Dumped from database version 17.0 (Debian 17.0-1.pgdg110+1)
-- Dumped by pg_dump version 17.0 (Debian 17.0-1.pgdg110+1)

SET statement_timeout = 0;
SET lock_timeout = 0;
SET idle_in_transaction_session_timeout = 0;
SET transaction_timeout = 0;
SET client_encoding = 'UTF8';
SET standard_conforming_strings = on;
SELECT pg_catalog.set_config('search_path', '', false);
SET check_function_bodies = false;
SET xmloption = content;
SET client_min_messages = warning;
SET row_security = off;

--
-- Name: tiger; Type: SCHEMA; Schema: -; Owner: root
--

CREATE SCHEMA tiger;


ALTER SCHEMA tiger OWNER TO root;

--
-- Name: tiger_data; Type: SCHEMA; Schema: -; Owner: root
--

CREATE SCHEMA tiger_data;


ALTER SCHEMA tiger_data OWNER TO root;

--
-- Name: topology; Type: SCHEMA; Schema: -; Owner: root
--

CREATE SCHEMA topology;


ALTER SCHEMA topology OWNER TO root;

--
-- Name: SCHEMA topology; Type: COMMENT; Schema: -; Owner: root
--

COMMENT ON SCHEMA topology IS 'PostGIS Topology schema';


--
-- Name: fuzzystrmatch; Type: EXTENSION; Schema: -; Owner: -
--

CREATE EXTENSION IF NOT EXISTS fuzzystrmatch WITH SCHEMA public;


--
-- Name: EXTENSION fuzzystrmatch; Type: COMMENT; Schema: -; Owner: 
--

COMMENT ON EXTENSION fuzzystrmatch IS 'determine similarities and distance between strings';


--
-- Name: postgis; Type: EXTENSION; Schema: -; Owner: -
--

CREATE EXTENSION IF NOT EXISTS postgis WITH SCHEMA public;


--
-- Name: EXTENSION postgis; Type: COMMENT; Schema: -; Owner: 
--

COMMENT ON EXTENSION postgis IS 'PostGIS geometry and geography spatial types and functions';


--
-- Name: postgis_tiger_geocoder; Type: EXTENSION; Schema: -; Owner: -
--

CREATE EXTENSION IF NOT EXISTS postgis_tiger_geocoder WITH SCHEMA tiger;


--
-- Name: EXTENSION postgis_tiger_geocoder; Type: COMMENT; Schema: -; Owner: 
--

COMMENT ON EXTENSION postgis_tiger_geocoder IS 'PostGIS tiger geocoder and reverse geocoder';


--
-- Name: postgis_topology; Type: EXTENSION; Schema: -; Owner: -
--

CREATE EXTENSION IF NOT EXISTS postgis_topology WITH SCHEMA topology;


--
-- Name: EXTENSION postgis_topology; Type: COMMENT; Schema: -; Owner: 
--

COMMENT ON EXTENSION postgis_topology IS 'PostGIS topology spatial types and functions';


--
-- Name: ColorLinea; Type: TYPE; Schema: public; Owner: root
--

CREATE TYPE public."ColorLinea" AS ENUM (
    'ROJA',
    'AMARILLA',
    'VERDE',
    'AZUL',
    'NARANJA',
    'BLANCA',
    'CELESTE',
    'MORADA',
    'CAFE',
    'PLATEADA'
);


ALTER TYPE public."ColorLinea" OWNER TO root;

--
-- Name: EstadoIncidente; Type: TYPE; Schema: public; Owner: root
--

CREATE TYPE public."EstadoIncidente" AS ENUM (
    'ABIERTO',
    'EN_REVISION',
    'RESUELTO'
);


ALTER TYPE public."EstadoIncidente" OWNER TO root;

--
-- Name: EstadoLinea; Type: TYPE; Schema: public; Owner: root
--

CREATE TYPE public."EstadoLinea" AS ENUM (
    'ACTIVA',
    'MANTENIMIENTO',
    'CERRADA'
);


ALTER TYPE public."EstadoLinea" OWNER TO root;

--
-- Name: TipoServicio; Type: TYPE; Schema: public; Owner: root
--

CREATE TYPE public."TipoServicio" AS ENUM (
    'CAFE',
    'TIENDA',
    'FARMACIA',
    'BANIO',
    'OTRO'
);


ALTER TYPE public."TipoServicio" OWNER TO root;

SET default_tablespace = '';

SET default_table_access_method = heap;

--
-- Name: Accesibilidad; Type: TABLE; Schema: public; Owner: root
--

CREATE TABLE public."Accesibilidad" (
    id_accesibilidad text NOT NULL,
    tiene_ascensor boolean DEFAULT false NOT NULL,
    tiene_rampa boolean DEFAULT false NOT NULL,
    tiene_banio boolean DEFAULT false NOT NULL,
    id_estacion text NOT NULL,
    "createdAt" timestamp(3) without time zone DEFAULT CURRENT_TIMESTAMP NOT NULL,
    "updatedAt" timestamp(3) without time zone NOT NULL
);


ALTER TABLE public."Accesibilidad" OWNER TO root;

--
-- Name: Estacion; Type: TABLE; Schema: public; Owner: root
--

CREATE TABLE public."Estacion" (
    id_estacion text NOT NULL,
    nombre text NOT NULL,
    color text NOT NULL,
    geom public.geometry NOT NULL,
    "createdAt" timestamp(3) without time zone DEFAULT CURRENT_TIMESTAMP NOT NULL,
    "updatedAt" timestamp(3) without time zone NOT NULL
);


ALTER TABLE public."Estacion" OWNER TO root;

--
-- Name: Imagen; Type: TABLE; Schema: public; Owner: root
--

CREATE TABLE public."Imagen" (
    id_imagen text NOT NULL,
    url text NOT NULL,
    descripcion text,
    id_estacion text NOT NULL,
    "createdAt" timestamp(3) without time zone DEFAULT CURRENT_TIMESTAMP NOT NULL
);


ALTER TABLE public."Imagen" OWNER TO root;

--
-- Name: Incidente; Type: TABLE; Schema: public; Owner: root
--

CREATE TABLE public."Incidente" (
    id_incidente text NOT NULL,
    descripcion text NOT NULL,
    estado public."EstadoIncidente" DEFAULT 'ABIERTO'::public."EstadoIncidente" NOT NULL,
    id_linea text NOT NULL,
    "createdAt" timestamp(3) without time zone DEFAULT CURRENT_TIMESTAMP NOT NULL,
    "updatedAt" timestamp(3) without time zone NOT NULL
);


ALTER TABLE public."Incidente" OWNER TO root;

--
-- Name: Linea; Type: TABLE; Schema: public; Owner: root
--

CREATE TABLE public."Linea" (
    id_linea text NOT NULL,
    nombre_linea text NOT NULL,
    color public."ColorLinea" NOT NULL,
    cantidad_cabinas integer NOT NULL,
    estado public."EstadoLinea" DEFAULT 'ACTIVA'::public."EstadoLinea" NOT NULL,
    "createdAt" timestamp(3) without time zone DEFAULT CURRENT_TIMESTAMP NOT NULL,
    "updatedAt" timestamp(3) without time zone NOT NULL
);


ALTER TABLE public."Linea" OWNER TO root;

--
-- Name: LineaEstacion; Type: TABLE; Schema: public; Owner: root
--

CREATE TABLE public."LineaEstacion" (
    id_linea_estacion text NOT NULL,
    id_linea text NOT NULL,
    id_estacion text NOT NULL
);


ALTER TABLE public."LineaEstacion" OWNER TO root;

--
-- Name: Poste; Type: TABLE; Schema: public; Owner: root
--

CREATE TABLE public."Poste" (
    id_poste text NOT NULL,
    id_linea text NOT NULL,
    geom public.geometry NOT NULL,
    "createdAt" timestamp(3) without time zone DEFAULT CURRENT_TIMESTAMP NOT NULL,
    "updatedAt" timestamp(3) without time zone NOT NULL
);


ALTER TABLE public."Poste" OWNER TO root;

--
-- Name: Servicio; Type: TABLE; Schema: public; Owner: root
--

CREATE TABLE public."Servicio" (
    id_servicio text NOT NULL,
    nombre text NOT NULL,
    tipo public."TipoServicio" NOT NULL,
    id_estacion text NOT NULL,
    "createdAt" timestamp(3) without time zone DEFAULT CURRENT_TIMESTAMP NOT NULL,
    "updatedAt" timestamp(3) without time zone NOT NULL
);


ALTER TABLE public."Servicio" OWNER TO root;

--
-- Name: _prisma_migrations; Type: TABLE; Schema: public; Owner: root
--

CREATE TABLE public._prisma_migrations (
    id character varying(36) NOT NULL,
    checksum character varying(64) NOT NULL,
    finished_at timestamp with time zone,
    migration_name character varying(255) NOT NULL,
    logs text,
    rolled_back_at timestamp with time zone,
    started_at timestamp with time zone DEFAULT now() NOT NULL,
    applied_steps_count integer DEFAULT 0 NOT NULL
);


ALTER TABLE public._prisma_migrations OWNER TO root;

--
-- Data for Name: Accesibilidad; Type: TABLE DATA; Schema: public; Owner: root
--

COPY public."Accesibilidad" (id_accesibilidad, tiene_ascensor, tiene_rampa, tiene_banio, id_estacion, "createdAt", "updatedAt") FROM stdin;
\.


--
-- Data for Name: Estacion; Type: TABLE DATA; Schema: public; Owner: root
--

COPY public."Estacion" (id_estacion, nombre, color, geom, "createdAt", "updatedAt") FROM stdin;
3f388786-32b9-4edb-a076-49c933e3fd71	Estacion Teleferico Morado '6 de marzo'	MORADA	0103000020E61000000100000061000000E46AEB15D90A51C068505EBCE08530C0C4A13479D90A51C0DE33E6B0E08530C0B95915DCD90A51C0FD7F8D8CE08530C02D2E213EDA0A51C0D30C7C4FE08530C0E5A3EC9EDA0A51C02BCCF4F9DF8530C0E09E0DFEDA0A51C02780558CDF8530C09BD61B5BDB0A51C079541607DF8530C06F48B1B5DB0A51C0B05AC96ADE8530C05CA76A0DDC0A51C00CEA19B8DD8530C0E8C8E761DC0A51C0B7E3CBEFDC8530C08E0ECCB2DC0A51C001DCBA12DC8530C03DCBBEFFDC0A51C0B229D921DB8530C098A46B48DD0A51C05EDC2E1EDA8530C065EF828CDD0A51C0F39AD808D98530C0EA06BACBDD0A51C0AA6B06E3D78530C0BF9ECB05DE0A51C0C166FAADD68530C0C20E783ADE0A51C06B55076BD58530C0E3988569DE0A51C0623E8F1BD48530C071A8C092DE0A51C0D8E101C1D28530C09F0AFCB5DE0A51C05826DB5CD18530C01B2011D3DE0A51C04978A1F0CF8530C05C07E0E9DE0A51C0F51DE47DCE8530C097BF4FFADE0A51C0D6813906CD8530C02B444E04DF0A51C00C753D8BCB8530C05DA0D007DF0A51C0F76B8F0ECA8530C05EFBD204DF0A51C0BBB6D091C88530C0819C58FBDE0A51C0CBB7A216C78530C0A2E76BEBDE0A51C0611AA59EC58530C0C4511ED5DE0A51C0D00A742BC48530C0F14D88B8DE0A51C0A972A6BEC28530C06232C995DE0A51C0AC3ACC59C18530C03016076DDE0A51C067946CFEBF8530C090A76E3EDE0A51C0524D04AEBE8530C0D2FA320ADE0A51C06E2D046ABD8530C069528DD0DD0A51C0EC62CF33BC8530C025E0BC91DD0A51C0DBFCB90CBB8530C0E87F064EDD0A51C05D7607F6B98530C02D6CB405DD0A51C00554E9F0B88530C0AEEC15B9DC0A51C0F1D47DFEB78530C06EFF7E68DC0A51C0F9B8CE1FB78530C0B4FC4714DC0A51C05D1DD055B68530C02936CDBCDB0A51C028715FA1B58530C0A6916E62DB0A51C073824203B58530C017208F05DB0A51C089A5267CB48530C0E0B094A6DA0A51C0E8F69F0CB48530C03F62E745DA0A51C0DFB828B5B38530C02B2FF1E3D90A51C08CCD2076B38530C0247B1D81D90A51C0B84DCD4FB38530C0819CD81DD90A51C01F3D5842B38530C0A2658FBAD80A51C05E5CD04DB38530C0ADADAE57D80A51C0C2182972B38530C039D9A2F5D70A51C0199A3AAFB38530C08063D794D70A51C05FEEC104B48530C08568B635D70A51C018536172B48530C0CA30A8D8D60A51C0269CA0F7B48530C0F6BE127ED60A51C07AB7ED93B58530C009605926D60A51C0404D9D46B68530C07D3EDCD1D50A51C0AE7BEB0EB78530C0D7F8F780D50A51C0C1ADFCEBB78530C0283C0534D50A51C0FB8BDEDCB88530C0CD6258EBD40A51C0040689E0B98530C0011841A7D40A51C02C74DFF5BA8530C07B000A68D40A51C076CFB11BBC8530C0A668F82DD40A51C0E1FEBD50BD8530C0A4F84BF9D30A51C08638B193BE8530C0826E3ECAD30A51C0F47429E3BF8530C0F65E03A1D30A51C057F3B63DC18530C0C7FCC77DD30A51C092CCDDA1C28530C04BE7B260D30A51C0B993170EC48530C00900E449D30A51C01602D580C58530C0CE477439D30A51C0D6AC7FF8C68530C03AC3752FD30A51C098C27B73C88530C00867F32BD30A51C0D8CE29F0C98530C0070CF12ED30A51C06281E86CCB8530C0E46A6B38D30A51C0CD7716E8CC8530C0C31F5848D30A51C007071460CE8530C0A1B5A55ED30A51C0FD0245D3CF8530C075B93B7BD30A51C06F821240D18530C004D5FA9DD30A51C00C9DECA4D28530C036F1BCC6D30A51C0C5214C00D48530C0D55F55F5D30A51C0B743B450D58530C0940C9129D40A51C0833BB494D68530C0FCB43663D40A51C0A9DBE8CAD78530C0402707A2D40A51C0CF15FEF1D88530C07D87BDE5D40A51C0996FB008DA8530C0389B0F2ED50A51C03365CE0DDB8530C0B71AAE7AD50A51C046B83900DC8530C0F70745CBD50A51C0BBA9E8DEDC8530C0B20A7C1FD60A51C0091DE7A8DD8530C03CD1F676D60A51C0D9A3575DDE8530C0C07555D1D60A51C0B37074FBDE8530C04EE7342ED70A51C0E42F9082DF8530C085562F8DD70A51C06DC516F2DF8530C026A5DCEDD70A51C06DEF8D49E08530C03BD8D24FD80A51C01FCC9588E08530C0418CA6B2D80A51C0F942E9AEE08530C0E46AEB15D90A51C068505EBCE08530C0	2026-04-20 06:22:47.127	2026-04-20 06:22:47.127
93540d9f-f33c-4fa1-8cc7-948a42773f34	Estacion Teleferico Morado 'Faro Murillo'	MORADA	0103000020E61000000100000061000000AE76A136D60951C0568979034D8330C0B8B9B2E6D60951C0ED00D5E44C8330C037B3DD95D70951C08FE0179A4C8330C0E35C6243D80951C05D1694234C8330C06B7F82EED80951C0748DCB814B8330C0F6828296D90951C0829F6FB54A8330C0CA3CAA3ADA0951C0605260BF498330C02BB945DADA0951C07662ABA0488330C0A800A674DB0951C01D1B8B5A478330C0E2D72109DC0951C003FE64EE458330C016791697DC0951C0583BC85D448330C08746E81DDD0951C02CFC6BAA428330C01775039DDD0951C00C812DD6408330C04FAEDC13DE0951C0D9160EE33E8330C01AA9F181DE0951C013E430D33C8330C098B8C9E6DE0951C01591D8A83A8330C06A50F641DF0951C0C4CD6466388330C0E17D1393DF0951C05FB74F0E368330C08A55C8D9DF0951C068212BA3338330C0B154C715E00951C083C49D27318330C053B6CE46E00951C06E56609E2E8330C038BBA86CE00951C0498E3A0A2C8330C0DFE42B87E00951C05718006E298330C0FB223B96E00951C0BF7C8DCC268330C050F3C599E00951C07AFCC428248330C0C973C891E00951C011688B85218330C0BE664B7EE00951C07CF3C4E51E8330C05729645FE00951C0B40A524C1C8330C01E9C3435E00951C0702A0CBC198330C0E3FDEAFFDF0951C064C0C237178330C005B9C1BFDF0951C0A71638C2148330C06723FF74DF0951C0614D1E5E128330C05C31F51FDF0951C04C66140E108330C0C81B01C1DE0951C01065A3D40D8330C0F4F98A58DE0951C0D1873BB40B8330C06E4F05E7DD0951C0D79A31AF098330C0888EEC6CDD0951C04E6ABCC7078330C0E18FC6EADC0951C0F154F2FF058330C0B5FF2161DC0951C03002C759048330C070C195D0DB0951C07E3E09D7028330C0484AC039DB0951C0E9FF6079018330C087F3469DDA0951C061954D42008330C04845D5FBD90951C077022433FF8230C0703A1C56D90951C08C890D4DFE8230C0A67ED1ACD80951C0F3650691FD8230C034A7AE00D80951C066B7DCFFFC8230C08B677052D70951C010A02F9AFC8230C06FC2D5A2D60951C021966E60FC8230C091389FF2D50951C090E9D852FC8230C087F58D42D50951C0BF7E7D71FC8230C009FC6293D40951C01DBE3ABCFC8230C05D52DEE5D30951C000B9BE32FD8230C0D52FBE3AD30951C0768387D4FD8230C0492CBE92D20951C0B0C2E3A0FE8230C0767296EED10951C0766FF396FF8230C015F6FA4ED10951C0B7CBA8B5008330C098AE9AB4D00951C0468AC9FB018330C05DD71E20D00951C06527F067038330C029362A92CF0951C0B5708DF8048330C0B868580BCF0951C0D83AEAAB068330C0293A3D8CCE0951C0E4422980088330C0F1006415CE0951C0893949730A8330C025064FA7CD0951C0E4F526830C8330C0A8F67642CD0951C03ECD7FAD0E8330C0D55E4AE7CC0951C06F0DF4EF108330C05F312D96CC0951C012970948138330C0B559784FCC0951C0AF942EB3158330C08E5A7913CC0951C0DC4BBC2E188330C0ECF871E2CB0951C04E05FAB71A8330C007F497BCCB0951C09F08204C1D8330C060CA14A2CB0951C081A85AE81F8330C0448C0593CB0951C01D5CCD89228330C0EFBB7A8FCB0951C00CE2952D258330C0763B7897CB0951C0B069CFD0278330C08148F5AACB0951C045BF95702A8330C0E985DCC9CB0951C05B77080A2D8330C021130CF4CB0951C014164E9A2F8330C05CB15529CC0951C0D52E971E328330C03AF67E69CC0951C0F1782194348330C0D88B41B4CC0951C0DED53AF8368330C0E37D4B09CD0951C0BF454448398330C077933F68CD0951C0F6C6B4813B8330C04CB5B5D0CD0951C08E1D1CA23D8330C0D15F3B42CE0951C0927F25A73F8330C0B72054BCCE0951C030239A8E418330C05E1F7A3ECF0951C01AAC6356438330C08AAF1EC8CF0951C046758EFC448330C0CFEDAA58D00951C09DB44B7F468330C0F76480EFD00951C05276F3DC478330C0B9BBF98BD10951C09C6D0614498330C0F8696B2DD20951C0E0982F234A8330C0CF7424D3D20951C083B745094B8330C099306F7CD30951C0BD8F4CC54B8330C00B089228D40951C0210376564C8330C0B447D0D6D40951C083F022BC4C8330C0D0EC6A86D50951C072E2E3F54C8330C0AE76A136D60951C0568979034D8330C0	2026-04-20 06:28:35.152	2026-04-20 06:28:35.152
92e6cf0b-567b-4835-b356-747f5004160a	Estacion Teleferico Morado 'Obelisco'	MORADA	0103000020E610000001000000610000001EEE4C13A90851C0F7A6F702178030C012E8A553A90851C00A14419B168030C02CD81692A90851C0E3499F23168030C03E4B5BCEA90851C0566D959C158030C01E303108AA0851C0D686B706158030C02120593FAA0851C025E0A962148030C08BA49673AA0851C0465020B1138030C0E878B0A4AA0851C05076DDF2128030C0C4C970D2AA0851C018E4B128128030C0B86FA5FCAA0851C08D397B53118030C061262023AB0851C0C8312374108030C014BFB645AB0851C0D0A29E8B0F8030C0204F4364AB0851C03071EC9A0E8030C06459A47EAB0851C09C7814A30D8030C0F7F2BC94AB0851C0A06A26A50C8030C0EAE274A6AB0851C0CFA438A20B8030C0CDBCB8B3AB0851C0A4FF669B0A8030C0FCF579BCAB0851C05097D191098030C092F5AEC0AB0851C0E88F9B86088030C0EA1E53C0AB0851C03BD6E97A078030C0B1D666BBAB0851C0B8DEE16F068030C07882EFB1AB0851C0BB63A866058030C0C582F7A3AB0851C0A5246060048030C0B7278E91AB0851C023A7285E038030C03FA0C77AAB0851C000FC1C61028030C0F5E3BC5FAB0851C0D188526A018030C0C5978B40AB0851C0E5D7D77A008030C06BED551DAB0851C0A56FB393FF7F30C0F87D42F6AA0851C0D8B2E2B5FE7F30C07F1F7CCBAA0851C0D6CA58E2FD7F30C024B6319DAA0851C0F59CFD19FD7F30C0B100966BAA0851C058CCAC5DFC7F30C0F760DF36AA0851C027C934AEFB7F30C032A047FFA90851C03FEE550CFB7F30C0AEAF0BC5A90851C055AEC178FA7F30C0F4656B88A90851C06FD119F4F97F30C0DB38A949A90851C08BC3EF7EF97F30C0A0F40909A90851C02EF5C319F97F30C08370D4C6A80851C0A14E05C5F87F30C01A415183A80851C056B61081F87F30C0C368CA3EA80851C00DAB304EF87F30C085068BF9A70851C032F29C2CF87F30C0AC03DFB3A70851C0B75A7A1CF87F30C0A1C0126EA70851C0B394DA1DF87F30C020C17228A70851C0061EBC30F87F30C064584BE3A60851C000440A55F87F30C07655E89EA60851C00D3A9D8AF87F30C00FB0945BA60851C05B453AD1F87F30C073369A19A60851C038FD9328F97F30C07F3C41D9A50851C0EF9F4A90F97F30C0644CD09AA50851C0C37BEC07FA7F30C053D98B5EA50851C0916BF68EFA7F30C073F4B524A50851C09366D424FB7F30C071048EEDA40851C0AD22E2C8FB7F30C0068050B9A40851C07DC86B7AFC7F30C0AAAB3688A40851C08DB8AE38FD7F30C0CD5A765AA40851C0A860DA02FE7F30C0D9B44130A40851C07E2011D8FE7F30C030FEC609A40851C0963C69B7FF7F30C07E6530E7A30851C097DEED9F008030C071D5A3C8A30851C09B21A090018030C02DCB42AEA30851C0A8297888028030C09A312A98A30851C0EC446686038030C0A7417286A30851C097155489048030C0C3672E79A30851C001C32590058030C0952E6D70A30851C0D530BB99068030C0FF2E386CA30851C0E73AF1A4078030C0A805946CA30851C059F4A2B0088030C0E04D8071A30851C0BFE8AABB098030C019A2F77AA30851C0CC5DE4C40A8030C0CDA1EF88A30851C038942CCB0B8030C0D9FC589BA30851C07A0664CD0C8030C052841FB2A30851C0FBA36FCA0D8030C09D402ACDA30851C05E073AC10E8030C0CD8C5BECA30851C09FA6B4B00F8030C02637910FA40851C09CFBD897108030C099A6A436A40851C0E7A3A975118030C012056B61A40851C082763349128030C06D6EB58FA40851C0728E8E11138030C0E02351C1A40851C0F548DFCD138030C099C307F6A40851C04336577D148030C05F849F2DA50851C0E0FB351F158030C0E474DB67A50851C07427CAB2158030C09DBE7BA4A50851C052F17137168030C0B6EB3DE3A50851C0D2ED9BAC168030C0F12FDD23A60851C0B7ACC711178030C00FB41266A60851C0FD458666178030C078E395A9A60851C06FD37AAA178030C0CEBB1CEEA60851C077D65ADD178030C00D1E5C33A70851C0D089EEFE178030C0E5200879A70851C0A31E110F188030C0F063D4BEA70851C0E2E4B00D188030C071637404A80851C0AC5ECFFA178030C02DCC9B49A80851C0A23E81D6178030C01CCFFE8DA80851C04051EEA0178030C0827452D1A80851C03151515A178030C01EEE4C13A90851C0F7A6F702178030C0	2026-04-20 06:33:29.946	2026-04-20 06:33:29.946
34d6ab83-ef04-4a90-bbe7-d87d703a5274	Estacion Teleferico Amarillo 'Estación Buenos Aires'	AMARILLA	0103000020E6100000010000006100000079D97CF8370951C00710C08F088430C040D00248380951C099F86FF1088430C054AF0799380951C0D52CF83E098430C0EAA532EB380951C09AAE0378098430C0D4A0293E390951C025F5539C098430C03AAD9191390951C0A831C1AB098430C0555C0FE5390951C0DE7A3AA6098430C0A42747383A0951C0A0DFC58B098430C045D5DD8A3A0951C03E60805C098430C0F4DB78DC3A0951C0B4CE9D18098430C04AC6BE2C3B0951C0DA9568C0088430C0D294577B3B0951C0D2674154088430C07D1EEDC73B0951C009D49ED4078430C0166F2B123C0951C03CC50C42078430C04F23C1593C0951C020E82B9D068430C0EEC15F9E3C0951C030FBB0E6058430C0E011BCDF3C0951C09C08641F058430C0AB6C8E1D3D0951C0F08A1F48048430C0F40C93573D0951C0A47DCF61038430C0D3588A8D3D0951C05B5A706D028430C0852739BF3D0951C02B040E6C018430C0480269EC3D0951C0F1A1C25E008430C01160E8143E0951C0FF68B546FF8330C0D9DB8A383E0951C084591925FE8330C0456529573E0951C0FFED2BFBFC8330C07A6BA2703E0951C03BBF33CAFB8330C0ED01DA843E0951C0421E7F93FA8330C0FAFEB9933E0951C0EDA56258F98330C03114329D3E0951C078C5371AF88330C035E037A13E0951C0D1455BDAF68330C024FAC69F3E0951C051CB2B9AF58330C061F6E0983E0951C04B55085BF48330C0E4648D8C3E0951C048BD4E1EF38330C0E8C8D97A3E0951C087375AE5F18330C01E8AD9633E0951C059D681B1F08330C066DFA5473E0951C010121784EF8330C02EB35D263E0951C00D57645EEE8330C08A8125003E0951C07E9BAB41ED8330C0393027D53D0951C07CFE242FEC8330C0B1E091A53D0951C0CD71FD27EB8330C07BBC99713D0951C01170552DEA8330C004BC77393D0951C071C03F40E98330C0206869FD3C0951C07449C061E88330C0A496B0BD3C0951C00EF4CA92E78330C03022937A3C0951C03CA042D4E68330C09A9D5A343C0951C0572CF826E68330C0520354EB3B0951C00C90A98BE58330C0F160CF9F3B0951C02B0C0103E58330C0807F1F523B0951C0FC6F948DE48330C0BA8899023B0951C00475E42BE48330C0A6A994B13A0951C0E8315CDEE38330C00FB3695F3A0951C00AA550A5E38330C025B8720C3A0951C05B570081E38330C0C0AB0AB9390951C0CC179371E38330C0A4FC8C65390951C0AFCF1977E38330C055315512390951C025708E91E38330C0B483BEBF380951C0C4F8D3C0E38330C0057D236E380951C06D97B604E48330C0AF92DD1D380951C00CE1EB5CE48330C028C444CF370951C0362313C9E48330C07D3AAF82370951C024CEB548E58330C0E3E97038370951C0B5F647DBE58330C0AB35DBF0360951C0C6EF2880E68330C00C973CAC360951C05CFAA336E78330C01947E06A360951C0C90BF1FDE78330C04FEC0D2D360951C0F8A835D5E88330C0054C09F3350951C0EBD585BBE98330C0270012BD350951C06D18E5AFEA8330C07531638B350951C0E68C47B1EB8330C0B256335E350951C0F10B93BEEC8330C0E8F8B335350951C0BF5FA0D6ED8330C0217D1112350951C0AA873CF8EE8330C0B5F372F3340951C0C9082A22F08330C080EDF9D9340951C0F3492253F18330C00D57C2C5340951C0CBF9D689F28330C0005AE2B6340951C03A7DF3C4F38330C0C9446AAD340951C0D3641E03F58330C0C57864A9340951C085E7FA42F68330C0D65ED5AA340951C0ED602A83F78330C09962BBB1340951C0BDD14DC2F88330C016F40EBE340951C0806007FFF98330C01190C2CF340951C024D9FB37FB8330C0DBCEC2E6340951C08D29D46BFC8330C09379F602350951C0B4D93E99FD8330C0CBA53E24350951C0917DF1BEFE8330C06ED7764A350951C05B1FAADBFF8330C0C1287575350951C06BA030EE008430C048780AA5350951C0730F58F5018430C07E9C02D9350951C056F2FFEF028430C0F69C2411360951C0728215DD038430C0DAF0324D360951C0CAD994BB048430C055C2EB8C360951C0F60F8A8A058430C0CA3609D0360951C07D451249068430C05FBB4116370951C0929C5CF6068430C0A855485F370951C0021EAB91078430C009F8CCAA370951C07289531A088430C079D97CF8370951C00710C08F088430C0	2026-04-20 06:48:42.648	2026-04-20 06:48:42.648
fe4e8fb8-edff-49d7-831e-344143263a7a	Estacion Teleferico Amarillo 'Sopocachi'	AMARILLA	0103000020E610000001000000610000003E4506FC550851C012BA14F5D58330C08636143F560851C08AC4EAF6D58330C00A6B0582560851C06F3EEEE7D58330C0748090C4560851C074952FC8D58330C05F846C06570851C04396D197D58330C050445147570851C059460957D58330C0DF9CF786570851C0E6A91D06D58330C0ABC719C5570851C0EB7567A5D48330C0DBA77301580851C00EAF5035D48330C0D114C33B580851C04D3554B6D38330C0A122C873580851C05B3DFD28D38330C02E6845A9580851C003B8E68DD28330C0794200DC580851C047A8BAE5D18330C0EC14C10B590851C00B693131D18330C04A865338590851C0FAE21071D08330C017BA8661590851C08EB32BA6CF8330C028862D87590851C0344660D1CE8330C023A41EA9590851C07BE097F3CD8330C0BDDE34C7590851C052A2C50DCD8330C08B3A4FE1590851C0927BE520CC8330C0261A51F7590851C0C217FB2DCB8330C0835D22095A0851C07AC11036CA8330C0717CAF165A0851C0713E363AC98330C0FB9BE91F5A0851C095A57F3BC88330C0B09EC6245A0851C05E30043BC78330C0C02F41255A0851C0BD08DD39C68330C0CFC858215A0851C0DC142439C58330C088B211195A0851C01FC2F239C48330C0EDFF740C5A0851C09AD0603DC38330C0648490FB590851C066208344C28330C090C476E6590851C025826A50C18330C004E23ECD590851C0E58B2262C08330C0E08104B0590851C0CE73B07ABF8330C092AEE78E590851C0CAF1119BBE8330C0A8B40C6A590851C05D293CC4BD8330C00CFB9B41590851C0F49C1AF7BC8330C0BCD6C115590851C0AB2B8E34BC8330C0275AAEE6580851C0D71A6C7DBB8330C0872095B4580851C02D2C7DD2BA8330C04615AD7F580851C0B8C17C34BA8330C0CA373048580851C06C1018A4B98330C0E55B5B0E580851C04262ED21B98330C023E76DD2570851C0B3688BAEB88330C0508BA994570851C04FA0704AB88330C068FE5155570851C00FC60AF6B78330C06EB0AC14570851C00D5FB6B1B78330C03C7F00D3560851C01153BE7DB78330C0E1689590560851C0769A5B5AB78330C0AC3CB44D560851C0BDFFB447B78330C0644BA60A560851C0FBF4DE45B78330C0E016B5C7550851C0787DDB54B78330C076012A85550851C0732B9A74B78330C08BFD4D43550851C02F32F8A4B78330C09A3D6902550851C00B8CC0E5B78330C00CE5C2C2540851C0B134AC36B88330C040BAA084540851C0E6766297B88330C00FDA4648540851C0C94D7907B98330C0196DF70D540851C013D97586B98330C04A5FF2D5530851C0C3E3CC13BA8330C0BD1975A0530851C0C17CE3AEBA8330C0713FBA6D530851C0B2A00F57BB8330C0FE6CF93D530851C057F4980BBC8330C0A0FB6611530851C0B08EB9CBBC8330C0D3C733E8520851C0E7D19E96BD8330C0C2FB8CC2520851C03A526A6BBE8330C0C8DD9BA0520851C0C7C93249BF8330C02DA38582520851C04E18052FC08330C05F476B68520851C0B44DE51BC18330C0C5676952520851C02CBECF0EC28330C068249840520851C0EA1EBA06C38330C079050B33520851C008AA9402C48330C0F0E5D029520851C076484B01C58330C03AE3F324520851C0A0C0C601C68330C02A527924520851C08CE8ED02C78330C01CB96128520851C00CDAA603C88330C063CFA830520851C0C827D802C98330C0FD81453D520851C0C4116AFFC98330C086FD294E520851C002B847F8CA8330C05ABD4363520851C0104A60ECCB8330C0E79F7B7C520851C01632A8DACC8330C00B00B699520851C0293A1AC2CD8330C059D3D2BA520851C0A5AAB8A1CE8330C042CDADDF520851C051608E78CF8330C0DE861E08530851C015D9AF45D08330C02EABF833530851C029363C08D18330C0C3270C63530851C094325EBFD18330C063612595530851C0F70C4D6AD28330C0A46C0DCA530851C09F634D08D38330C0204A8A01540851C0F301B298D38330C005265F3B540851C04B9EDC1AD48330C0C79A4C77540851C07B873E8ED48330C09BF610B5540851C0394159F2D48330C0828368F4540851C0CF0EBF46D58330C07DD10D35550851C05C6B138BD58330C0AE02BA76550851C0446F0BBFD58330C00A1925B9550851C04C226EE2D58330C03E4506FC550851C012BA14F5D58330C0	2026-04-20 06:50:39.765	2026-04-20 06:50:39.765
074d2981-ecd9-4122-bab2-6715ceb6c4c0	Estacion Teleferico Amarillo 'Libertador'	AMARILLA	0103000020E61000000100000061000000AB51E04A6B0751C05AEEE261F88430C0E25706A36B0751C07BA1440AF98430C06B35DBFD6B0751C007292E9CF98430C0C057FB5A6C0751C01391FF16FA8430C093A800BA6C0751C0C136327AFA8430C0BBFD821A6D0751C0C95B59C5FA8430C05A8B187C6D0751C0BD9D22F8FA8430C0E15756DE6D0751C04D505612FB8430C051B1D0406E0751C052BAD713FB8430C04AA31BA36E0751C04C35A5FCFA8430C0656DCB046F0751C0322FD8CCFA8430C04EF974656F0751C08B0EA584FA8430C02F50AEC46F0751C004F95A24FA8430C0D10E0F22700751C0AE7C63ACF98430C017D8307D700751C03F1C421DF98430C027C5AFD5700751C0F2BE9377F88430C0F7D22A2B710751C081040EBCF78430C0A44C447D710751C0127E7EEBF68430C02B32A2CB710751C0D6CCC906F68430C00F9BEE15720751C070A7EA0EF58430C08E14D85B720751C020C7F004F48430C0E1FA119D720751C0DABDFFE9F28430C046CD54D9720751C0B6B64DBFF18430C05F7C5E10730751C0E0212286F08430C09FB2F241730751C0B14DD43FEF8430C06C16DB6D730751C04DEEC9EDED8430C0B585E793730751C08D957591EC8430C0B44AEEB3730751C0C41C552CEB8430C0AC49CCCD730751C02202F0BFE98430C05D2765E1730751C091BBD54DE88430C02468A3EE730751C0C6009CD7E68430C07F8778F5730751C08E0EDD5EE58430C0FD07DDF5730751C006E535E5E38430C0737BD0EF730751C0E582446CE28430C0708359E3730751C0A91FA6F5E08430C001CA85D0730751C09966F582DF8430C0ADF269B7730751C091B4C815DE8430C0D8832198730751C08B5AB0AFDC8430C09EC8CE72730751C0D0E63452DB8430C031AB9A47730751C09876D5FED98430C0FF87B416730751C0111206B7D88430C0D3F951E0720751C08A142E7CD78430C0019FAEA4720751C081A2A64FD68430C018D80B64720751C0482FB932D58430C02E80B01E720751C0D8139E26D48430C03C9FE8D4710751C070387B2CD38430C0BE160587710751C057D26245D28430C00A495B35710751C054375272D18430C0B8BB44E0700751C0E1C730B4D08430C081B51E88700751C097F1CE0BD08430C0F8D7492D700751C0A64AE579CF8430C0A2B529D06F0751C083C713FFCE8430C0CF6424716F0751C0830BE19BCE8430C0A90FA2106F0751C04DD5B950CE8430C00A820CAF6E0751C09B87F01DCE8430C083B5CE4C6E0751C0F2CEBC03CE8430C0125C54EA6D0751C093643B02CE8430C0196A09886D0751C0FEEE6D19CE8430C0FF9F59266D0751C028003B49CE8430C01514B0C56C0751C058316E91CE8430C035BD76666C0751C0965CB8F1CE8430C091FE15096C0751C075F3AF69CF8430C04B35F4AD6B0751C0CA72D1F8CF8430C03C4875556B0751C0D2F27F9ED08430C06C3AFAFF6A0751C039D3055AD18430C0BFC0E0AD6A0751C03782952AD28430C038DB825F6A0751C0E75D4A0FD38430C0537236156A0751C0ECAE2907D48430C0D5F84CCF690751C048BB2311D58430C08212138E690751C044F0142CD68430C01D40D051690751C00B22C756D78430C00491C61A690751C0B4DFF28FD88430C0C45A32E9680751C035DA40D6D98430C0F8F649BD680751C0C25C4B28DB8430C0AF873D97680751C0E5D49F84DC8430C0AFC23677680751C0C668C0E9DD8430C0B8C3585D680751C0BC992556DF8430C006E6BF49680751C07CF13FC8E08430C040A5813C680751C003B8793EE28430C0E485AC35680751C052B038B7E38430C065054835680751C036DADF30E58430C0F191543B680751C0F036D1A9E68430C0F389CB47680751C01C8F6F20E88430C063439F5A680751C0A4372093E98430C0B71ABB73680751C0F7D34C00EB8430C08B890393680751C072136566EC8430C0C54456B8680751C04768E0C3ED8430C033628AE3680751C0C5B53F17EF8430C064857014690751C055F40E5FF08430C09013D34A690751C04DC9E699F18430C0626E7686690751C0E1106EC6F28430C04B3519C7690751C07D585BE3F38430C0358D740C6A0751C0E04776EFF48430C0266E3C566A0751C093F798E9F58430C0A5F61FA46A0751C00833B1D0F68430C05AC4C9F56A0751C039A5C1A3F78430C0AB51E04A6B0751C05AEEE261F88430C0	2026-04-20 07:04:05.467	2026-04-20 07:04:05.467
914bde44-34ed-498c-ab4e-0420fc1613bd	Estacion Teleferico Rojo '16 de julio'	ROJA	0103000020E610000001000000610000006B93F77F8C0A51C0C6AA6D4C877F30C051F6D3078D0A51C0F394A402877F30C099C4238E8D0A51C0DF91EF96867F30C0A6C153128E0A51C0B9B3C409867F30C00505D3938E0A51C0C4BABE5B857F30C0429913128F0A51C0C06B9C8D847F30C089178B8C8F0A51C0BCBE3FA0837F30C05B3FB302900A51C06BE7AC94827F30C0C0890A74900A51C0E637096C817F30C040B714E0900A51C01FDF9927807F30C017585B46910A51C06F84C2C87E7F30C00F4E6EA6910A51C0AFC103517D7F30C06347E4FF910A51C0A67DF9C17B7F30C037325B52920A51C08028591D7A7F30C018A8789D920A51C042DCEF64787F30C01651EAE0920A51C05663A09A767F30C0093E661C930A51C0512761C0747F30C09D39AB4F930A51C0330A3AD8727F30C0CE0F817A930A51C0712C42E4707F30C085CBB89C930A51C06DA29DE66E7F30C00EEA2CB6930A51C0931B7BE16C7F30C03D84C1C6930A51C0F27D11D76A7F30C0026D64CE930A51C0C4789DC9687F30C055450DCD930A51C0A8105FBB667F30C06385BDC2930A51C0262897AE647F30C0F37A80AF930A51C0550785A5627F30C0FF3C6B93930A51C02CE563A2607F30C09C949C6E930A51C0587568A75E7F30C032DB3C41930A51C0317DBEB65C7F30C046CE7D0B930A51C06F7286D25A7F30C0F4589ACD920A51C05C26D3FC587F30C05253D687920A51C0DC7FA737577F30C018387E3A920A51C00747F484557F30C0C6D0E6E5910A51C0860496E6537F30C0B0D86C8A910A51C02FF7525E527F30C058977428910A51C01122D9ED507F30C0827269C0900A51C00775BC964F7F30C07578BD52900A51C0EE11755A4E7F30C0F4E2E8DF8F0A51C047B05D3A4D7F30C0749369688F0A51C02621B2374C7F30C01D89C2EC8E0A51C0F7F48D534B7F30C02D517B6D8E0A51C0A344EB8E4A7F30C063721FEB8D0A51C0649FA1EA497F30C007D43D668D0A51C0751E6567497F30C04A2168DF8C0A51C0A69FC505497F30C08B2932578C0A51C09C272EC6487F30C0573E31CE8B0A51C08A6CE4A8487F30C0B78FFB448B0A51C0C18908AE487F30C08A8727BC8A0A51C079DC94D5487F30C0A3244B348A0A51C0030A5E1F497F30C05C56FBAD890A51C0512F138B497F30C04E59CB29890A51C09B393E184A7F30C0EF154CA8880A51C0E06744C64A7F30C0B1810B2A880A51C074F466944B7F30C06C0394AF870A51C03DE6C3814C7F30C099DB6B39870A51C05708578D4D7F30C0349114C8860A51C06607FBB54E7F30C0B5630A5C860A51C017B36AFA4F7F30C0DDC2C3F5850A51C0AC624259517F30C0E5CCB095850A51C0D17A01D1527F30C091D33A3C850A51C04D130C60547F30C0BEE8C3E9840A51C081BAAC04567F30C0DD72A69E840A51C0035516BD577F30C0DFC9345B840A51C00D176687597F30C0EBDCB81F840A51C0CD95A5615B7F30C058E173EC830A51C022EECC495D7F30C0250B9EC1830A51C08CFEC43D5F7F30C0704F669F830A51C0D2B1693B617F30C0E630F285830A51C0CF578C40637F30C0B7965D75830A51C0EE09F64A657F30C0F2ADBA6D830A51C099186A58677F30C09FD5116F830A51C00B7FA866697F30C091956179830A51C0C05A70736B7F30C002A09E8C830A51C0D963827C6D7F30C0F5DDB3A8830A51C0CA63A37F6F7F30C0598682CD830A51C077A79E7A717F30C0C33FE2FA830A51C0506A486B737F30C0AE4CA130840A51C08337804F757F30C001C2846E840A51C0D03E3325777F30C0A3C748B4840A51C0869A5EEA787F30C0DCE2A001850A51C0D283119D7A7F30C02F4A3856850A51C066736F3B7C7F30C04442B2B1850A51C0DC2BB2C37D7F30C09D83AA13860A51C094AB2B347F7F30C073A8B57B860A51C02A04488B807F30C080A261E9860A51C035158FC7817F30C00038365C870A51C09B28A6E7827F30C08087B5D3870A51C09C6E51EA837F30C0D7915C4F880A51C00E5875CE847F30C0C7C9A3CE880A51C02ECD1793857F30C092A8FF50890A51C0C53F6137867F30C0ED46E1D5890A51C072979DBA867F30C0AAF9B65C8A0A51C01EF73C1C877F30C069F1ECE48A0A51C0AA5AD45B877F30C09EDCED6D8B0A51C03C0C1E79877F30C03E8B23F78B0A51C0B2F0F973877F30C06B93F77F8C0A51C0C6AA6D4C877F30C0	2026-04-20 07:13:30.805	2026-04-20 07:13:30.805
732d411d-0559-4531-9a09-0947aa256c95	Estacion Teleferico Amarillo Mirador	AMARILLA	0103000020E61000000100000061000000AFF0A279980951C0BEF51858CE8430C0E5AD030B990951C080ADEB51CF8430C0537657A0990951C0ACF2BE26D08430C07C97FA389A0951C07677A9D5D08430C0FFBD45D49A0951C0AC7CEB5DD18430C004AD8E719B0951C0DCA3EFBED18430C0DCF828109C0951C016934BF8D18430C006C466AF9C0951C08069C009D28430C0C47D994E9D0951C044043BF3D18430C07BA112ED9D0951C08913D4B4D18430C00376248A9E0951C064FFCF4ED18430C015CC22259F0951C0D89C9EC1D08430C00EBB63BD9F0951C046B3DA0DD08430C0345B4052A00951C0BB524934CF8430C0A67C15E3A00951C0EDFBD835CE8430C04B5A446FA10951C0CD9AA013CD8430C0D14733F6A10951C0BF54DECECB8430C02F5A4E77A20951C0E12BF668CA8430C0C90908F2A20951C0C67870E3C88430C08FCDD965A30951C05B3CF83FC78430C082AE44D2A30951C0DA4B5980C58430C0DED2D136A40951C0B6587EA6C38430C065001393A40951C0ACD66EB4C18430C03115A3E6A40951C062C24CACBF8430C099762631A50951C0D74A5290BD8430C093754B72A50951C06360CF62BB8430C04AA8CAA9A50951C0CF2B2726B98430C05B3867D7A50951C05970CDDCB68430C09025EFFAA50951C091DB4389B48430C0AD7C3B14A60951C0E945172EB28430C01F823023A60951C014E7DCCDAF8430C069D0BD27A60951C01B812F6BAD8430C0196ADE21A60951C08685AC08AB8430C041BF9811A60951C07437F1A8A88430C06CA6FEF6A50951C0F4CD974EA68430C00A492DD2A50951C0AD9934FCA38430C07B034DA3A50951C0063153B4A18430C0D238916AA50951C0D6A573799F8430C0811A3828A50951C0BFC7074E9D8430C023648ADCA40951C0187670349B8430C0CD0BDB87A40951C07C04FB2E998430C010E7862AA40951C0BFB4DE3F978430C03F45F4C4A30951C00A493A69958430C03E7F9257A30951C0E3B011AD938430C0797DD9E2A20951C090D34B0D928430C071344967A20951C0517AB08B908430C0701869E5A10951C0BB5CE6298F8430C01689C75DA10951C04F5171E98D8430C04035F9D0A00951C046A4B0CB8C8430C00A78983FA00951C07E96DDD18B8430C09CAF44AA9F0951C00D060AFD8A8430C0738EA1119F0951C006421F4E8A8430C0F06756769E0951C0B20ADDC5898430C0EC780DD99D0951C05FBFD864898430C0132D733A9D0951C098BA7C2B898430C0EA61359B9C0951C098DD071A898430C02CA802FC9B0951C0534B8D30898430C07584895D9B0951C07A53F46E898430C0ECAF77C09A0951C0938DF8D4898430C0DA5979259A0951C0F2232A628A8430C0E16A388D990951C0584EEE158B8430C0BBCA5BF8980951C099FB7FEF8B8430C049A98667980951C0AEA9F0ED8C8430C0A4CB57DB970951C02C6B29108E8430C01EDE6854970951C00319EC548F8430C0C0CB4DD3960951C053AFD4BA908430C0261C9458960951C0A7D35A40928430C06158C2E4950951C02583D3E3938430C06D775778950951C096E672A3958430C01153CA13950951C0964A4E7D978430C08A2589B7940951C072395E6F998430C0BE10F963940951C0AFB480779B8430C056AF7519940951C0868B7B939D8430C05CB050D8930951C0FECBFEC09F8430C0A57DD1A0930951C0DA4BA7FDA18430C094ED3473930951C08B460147A48430C05F00AD4F930951C0700D8B9AA68430C042A96036930951C03CC7B7F5A88430C0D0A36B27930951C09E3BF255AB8430C08655DE22930951C02CA89FB8AD8430C0D6BBBD28930951C0449B221BB08430C0AE660339930951C0E9D1DD7AB28430C0837F9D53930951C0761537D5B48430C0E5DC6E78930951C0E8159A27B78430C074224FA7930951C0BC3D7B6FB98430C01DED0AE0930951C0367C5AAABB8430C06E0B6422940951C00603C6D5BD8430C0CCC1116E940951C050F45CEFBF8430C0221AC1C2940951C021FED1F4C18430C0DF3E1520950951C06CE0EDE3C38430C0B1E0A785950951C0E8DA91BAC58430C0B2A609F3950951C0FEFFB976C78430C077A8C267960951C0606A7F16C98430C080F152E3960951C0C4521A98CA8430C07F0D3365970951C08603E4F9CB8430C0D99CD4EC970951C001A8583ACD8430C0AFF0A279980951C0BEF51858CE8430C0	2026-04-20 06:40:17.992	2026-04-20 06:40:17.992
f4591464-72af-4adc-b67a-06b9e05dde04	Estacion Teleferico Rojo 'Cementerio'	ROJA	0103000020E6100000010000006100000088FB664BC70951C092A81E8E997F30C0A54DDF99C70951C03C3A8BB7997F30C0B773E1E8C70951C0841C32CD997F30C034D11638C80951C02493FBCE997F30C06C912887C80951C0A2A8E5BC997F30C0BC06C0D5C80951C06E300497997F30C090098723C90951C025B1805D997F30C0D3562870C90951C017379A10997F30C06EED4FBBC90951C0150FA5B0987F30C0556AAB04CA0951C0206A0A3E987F30C0E162EA4BCA0951C005EA47B9977F30C0EDBCBE90CA0951C0B317EF22977F30C08004DDD2CA0951C0A5C3A47B967F30C07CBEFC11CB0951C0445120C4957F30C014B8D84DCB0951C0CEED2AFD947F30C0A9522F86CB0951C0DFB39E27947F30C0B9CBC2BACB0951C04ABC6544937F30C0928059EBCB0951C0891D7954927F30C0812DBE17CC0951C0A1DADF58917F30C03428C03FCC0951C0D9C2AD52907F30C019953363CC0951C0634302438F7F30C06C97F181CC0951C0392C072B8E7F30C0D37BD89BCC0951C0B869EF0B8D7F30C04FDDCBB0CC0951C01BB4F5E68B7F30C060C4B4C0CC0951C083365BBD8A7F30C02EC081CBCC0951C0E42E6690897F30C0A8F926D1CC0951C05B886061887F30C083409ED1CC0951C08B719631877F30C0FC11E7CCCC0951C07AF05402867F30C06E9906C3CC0951C06E75E8D4847F30C0A2AA07B4CC0951C0976E9BAA837F30C0F5B5FA9FCC0951C0BDDDB484827F30C04DB6F586CC0951C0D7F17664817F30C007191469CC0951C0D6A51D4B807F30C0E59F7646CC0951C03A66DD397F7F30C01C3D431FCC0951C002BFE1317E7F30C0C9E9A4F3CB0951C044134C347D7F30C0CB76CBC3CB0951C0F25F32427C7F30C05F58EB8FCB0951C0210B9E5C7B7F30C0986C3D58CB0951C00FC18A847A7F30C00DBDFE1CCB0951C04660E5BA797F30C0F43B70DECA0951C0EBF58A00797F30C0E47CD69CCA0951C070CB4756787F30C0B2697958CA0951C09E86D6BC777F30C098F3A311CA0951C0FC5CDF34777F30C00EC1A3C8C90951C05E5BF7BE767F30C0AAD8C87DC90951C090C29F5B767F30C067496531C90951C09679450B767F30C0B0D0CCE3C80951C0549640CE757F30C0927E5495C80951C0F8FCD3A4757F30C080585246C80951C0A5162D8F757F30C004FB1CF7C70951C0AE9F638D757F30C0CB3A0BA8C70951C0948D799F757F30C07BC57359C70951C0D20C5BC5757F30C0A8C2AC0BC70951C0AF96DEFE757F30C064750BBFC60951C0B11EC54B767F30C0C9DEE373C60951C0C057BAAB767F30C0E261882AC60951C09910551E777F30C0566949E3C50951C014A717A3777F30C04A0F759EC50951C0E3917039787F30C0B7C7565CC50951C01900BBE0787F30C0BB0D371DC50951C0E48D3F98797F30C023145BE1C40951C0840D355F7A7F30C08F7904A9C40951C0EB63C1347B7F30C07E007174C40951C0C177FA177C7F30C0A54BDA43C40951C01832E7077D7F30C0B79E7517C40951C06C8F80037E7F30C004A473EFC30951C004C0B2097F7F30C01E3700CCC30951C044565E19807F30C0CB3442ADC30951C0C9815931817F30C065505B93C30951C0E4557150827F30C0E9EE677EC30951C0061A6B75837F30C0D8077F6EC30951C0D0A2059F847F30C0090CB263C30951C020B2FACB857F30C08FD20C5EC30951C0B65C00FB867F30C0B48B955DC30951C0D973CA2A887F30C03BBA4C62C30951C08AF10B5A897F30C0C9322D6CC30951C08A6578878A7F30C095212C7BC30951C0CD61C5B18B7F30C04316398FC30951C0B6E4ABD78C7F30C0EB153EA8C30951C08CBFE9F78D7F30C030B31FC6C30951C0AAF742118F7F30C0522CBDE8C30951C0E4208322907F30C01C8FF00FC40951C0A2AF7E2A917F30C06FE28E3BC40951C036411428927F30C06C55686BC40951C01ED92D1A937F30C0D973489FC40951C0C311C2FF937F30C0A05FF6D6C40951C0613FD5D7947F30C02A0F3512C50951C0E8837AA1957F30C04390C350C50951C0AFD2D45B967F30C0534F5D92C50951C0BBE21706977F30C08562BAD6C50951C0BD0E899F977F30C09FD88F1DC60951C097218027987F30C02A0B9066C60951C0D80E689D987F30C08DF36AB1C60951C01096BF00997F30C0D082CEFDC60951C083D01951997F30C088FB664BC70951C092A81E8E997F30C0	2026-04-20 07:25:42.116	2026-04-20 07:25:42.116
51be404f-6c61-41da-9a47-34ae29d80b9c	Estacion Teleferico Rojo 'Central'	ROJA	0103000020E61000000100000061000000FB32D10C3D0951C01B9154E0EF7D30C05FBA61BE3D0951C0CDA71A06F07D30C015D435703E0951C0974841FFEF7D30C0288F8A213F0951C08CF5CFCBEF7D30C049869DD13F0951C02913FF6BEF7D30C0DFB4AD7F400951C080AA37E0EE7D30C0A94AFC2A410951C019F61229EE7D30C0E07CCDD2410951C0F5B95947ED7D30C01D546976420951C07B67033CEC7D30C0FE751C15430951C03F0E3508EB7D30C0C8E938AE430951C0B91A40ADE97D30C019D71641440951C069E4A02CE87D30C0ED3D15CD440951C0E90CFD87E67D30C014A79A51450951C0BAB121C1E47D30C076CC15CE450951C0CD7201DAE27D30C05138FE41460951C0E64FB2D4E07D30C0CDDAD4AC460951C0485F6BB3DE7D30C04B95240E470951C004608278DC7D30C0C9BA8265470951C0C02A6926DA7D30C0CB848FB2470951C0A703ABBFD77D30C0667CF6F4470951C079D0E946D57D30C0CBD66E2C480951C0D235DBBED27D30C01BC5BB58480951C0C79E452AD07D30C00FB7AC79480951C02132FD8BCD7D30C030901D8F480951C086B8E0E6CA7D30C073CFF698480951C00077D63DC87D30C0F8A82D97480951C04601C993C57D30C0E611C489480951C05507A4EBC27D30C03DBEC870480951C0CE215148C07D30C0BF10574C480951C094A0B4ACBD7D30C0EAFC961C480951C0495FAA1BBB7D30C026DBBCE1470951C0F8A20298B87D30C06C2F099C470951C087047F24B67D30C08662C84B470951C0306BCFC3B37D30C04D6E52F1460951C0651A8F78B17D30C03D7D0A8D460951C056D64145AF7D30C0B67D5E1F460951C02F22512CAD7D30C084A9C6A8450951C02F9B0930AB7D30C00B02C529450951C058739852A97D30C0C7C1E4A2440951C09F0E0996A77D30C0ACC3B914440951C029C542FCA57D30C00FE1DF7F430951C001CD0687A47D30C0CA46FAE4420951C0B04DEE37A37D30C066C2B244420951C0A39F6810A27D30C0EA07B99F410951C081B9B911A17D30C046F1C1F6400951C001CDF83CA07D30C00DB8864A400951C0D4140F939F7D30C06F2AC49B3F0951C0FCD4B6149F7D30C038DC39EB3E0951C0988E7AC29E7D30C0D454A9393E0951C00968B49C9E7D30C01E3BD5873D0951C021CA8DA39E7D30C00C8080D63C0951C0BF32FFD69E7D30C0EA886D263C0951C0073DD0369F7D30C0545A5D783B0951C038DF97C29F7D30C08AC40ECD3A0951C0D0DDBC79A07D30C053923D253A0951C08973765BA17D30C016BBA181390951C06F2DCD66A27D30C03599EEE2380951C030FA9B9AA37D30C06B25D249380951C0556B91F5A47D30C01A38F4B6370951C03A273176A67D30C047D1F52A370951C0FB89D51AA87D30C01F6870A6360951C0B573B1E1A97D30C0BD42F529360951C00742D2C8AB7D30C0E2D60CB6350951C0B7F221CEAD7D30C06634364B350951C0196D69EFAF7D30C0E879E6E9340951C0BDEF522AB27D30C06A548892340951C0BE9F6C7CB47D30C0688A7B45340951C0DA362BE3B67D30C0CD921403340951C064CDEC5BB97D30C068389CCB330951C00BBDFBE3BB7D30C0184A4F9F330951C04B999178BE7D30C024585E7E330951C0283ADA16C17D30C0037FED68330951C018D6F6BBC37D30C0C03F145F330951C07C270165C67D30C03A66DD60330951C0549A0E0FC97D30C04CFD466E330951C0B17E33B7CB7D30C0F6504287330951C0543C865ACE7D30C073FEB3AB330951C0048422F6D07D30C0491274DB330951C01F7B2C87D37D30C00D344E16340951C0DBDDD30AD67D30C0C7DF015C340951C0DF14577ED87D30C0ADAC42AC340951C0B23A06DFDA7D30C0E6A0B806350951C0DE0D462ADD7D30C0F791006B350951C059CC925DDF7D30C07D91ACD8350951C03DF58276E17D30C0AF65444F360951C0B3EDC972E37D30C0280D46CE360951C026863A50E57D30C06C4D2655370951C0145DC90CE77D30C0874B51E3370951C0C71C8FA6E87D30C0242E2B78380951C08E91CA1BEA7D30C069C81013390951C02296E26AEB7D30C0CD4C58B3390951C02DD46792EC7D30C0490752583A0951C0F2561691ED7D30C0ED1D49013B0951C072EED665EE7D30C0265784AD3B0951C06A61C00FEF7D30C0C4E4465C3C0951C00B6D188EEF7D30C0FB32D10C3D0951C01B9154E0EF7D30C0	2026-04-20 07:28:18.287	2026-04-20 07:28:18.287
\.


--
-- Data for Name: Imagen; Type: TABLE DATA; Schema: public; Owner: root
--

COPY public."Imagen" (id_imagen, url, descripcion, id_estacion, "createdAt") FROM stdin;
\.


--
-- Data for Name: Incidente; Type: TABLE DATA; Schema: public; Owner: root
--

COPY public."Incidente" (id_incidente, descripcion, estado, id_linea, "createdAt", "updatedAt") FROM stdin;
\.


--
-- Data for Name: Linea; Type: TABLE DATA; Schema: public; Owner: root
--

COPY public."Linea" (id_linea, nombre_linea, color, cantidad_cabinas, estado, "createdAt", "updatedAt") FROM stdin;
724c2135-48c9-4869-a08a-2a49161ce8d0	TELEFERICO MORADO	MORADA	190	ACTIVA	2026-04-19 06:38:31.744	2026-04-19 06:38:31.744
57e79c0c-e419-4d62-a0b0-f5e6b8f81a50	TELEFERICO ROJO	ROJA	109	ACTIVA	2026-04-20 07:10:20.548	2026-04-20 07:10:20.548
d37ca4a6-846c-4bd3-ba66-811eec423599	TELEFERICO AMARILLO	AMARILLA	169	ACTIVA	2026-04-20 06:36:30.662	2026-04-20 06:36:30.662
\.


--
-- Data for Name: LineaEstacion; Type: TABLE DATA; Schema: public; Owner: root
--

COPY public."LineaEstacion" (id_linea_estacion, id_linea, id_estacion) FROM stdin;
d553ef55-324c-4e54-8693-1e8049d98ebd	724c2135-48c9-4869-a08a-2a49161ce8d0	3f388786-32b9-4edb-a076-49c933e3fd71
7e1547b8-7933-4388-b978-7f2b776613ad	724c2135-48c9-4869-a08a-2a49161ce8d0	93540d9f-f33c-4fa1-8cc7-948a42773f34
6dd0d1c0-db85-4784-90cd-1eeebb9997df	724c2135-48c9-4869-a08a-2a49161ce8d0	92e6cf0b-567b-4835-b356-747f5004160a
5713f8d2-d16f-45d0-a344-db583ba13c6b	d37ca4a6-846c-4bd3-ba66-811eec423599	732d411d-0559-4531-9a09-0947aa256c95
3d68f7fb-939a-4df2-b797-c586ac332c28	d37ca4a6-846c-4bd3-ba66-811eec423599	34d6ab83-ef04-4a90-bbe7-d87d703a5274
c621e2c4-7bb4-4b99-af09-bde08bb70777	d37ca4a6-846c-4bd3-ba66-811eec423599	fe4e8fb8-edff-49d7-831e-344143263a7a
70223983-1e98-4e0b-bb69-888f65dee12c	d37ca4a6-846c-4bd3-ba66-811eec423599	074d2981-ecd9-4122-bab2-6715ceb6c4c0
6c639991-68ef-458d-aa07-dca5557a95b8	57e79c0c-e419-4d62-a0b0-f5e6b8f81a50	914bde44-34ed-498c-ab4e-0420fc1613bd
73aaa9c6-b46d-4a21-a217-daab5f6c203a	57e79c0c-e419-4d62-a0b0-f5e6b8f81a50	f4591464-72af-4adc-b67a-06b9e05dde04
deb32ba0-b4e8-464a-9fec-0745ef82053a	57e79c0c-e419-4d62-a0b0-f5e6b8f81a50	51be404f-6c61-41da-9a47-34ae29d80b9c
\.


--
-- Data for Name: Poste; Type: TABLE DATA; Schema: public; Owner: root
--

COPY public."Poste" (id_poste, id_linea, geom, "createdAt", "updatedAt") FROM stdin;
\.


--
-- Data for Name: Servicio; Type: TABLE DATA; Schema: public; Owner: root
--

COPY public."Servicio" (id_servicio, nombre, tipo, id_estacion, "createdAt", "updatedAt") FROM stdin;
\.


--
-- Data for Name: _prisma_migrations; Type: TABLE DATA; Schema: public; Owner: root
--

COPY public._prisma_migrations (id, checksum, finished_at, migration_name, logs, rolled_back_at, started_at, applied_steps_count) FROM stdin;
20dbf9a6-786b-4e00-bde1-e872a9d09e8d	d50bf3520d35aad077c2675a157afc78972ad9260467965e36d0a81962801fbd	2026-04-19 03:44:12.953298+00	20260419034412_init	\N	\N	2026-04-19 03:44:12.928392+00	1
\.


--
-- Data for Name: spatial_ref_sys; Type: TABLE DATA; Schema: public; Owner: root
--

COPY public.spatial_ref_sys (srid, auth_name, auth_srid, srtext, proj4text) FROM stdin;
\.


--
-- Data for Name: geocode_settings; Type: TABLE DATA; Schema: tiger; Owner: root
--

COPY tiger.geocode_settings (name, setting, unit, category, short_desc) FROM stdin;
\.


--
-- Data for Name: pagc_gaz; Type: TABLE DATA; Schema: tiger; Owner: root
--

COPY tiger.pagc_gaz (id, seq, word, stdword, token, is_custom) FROM stdin;
\.


--
-- Data for Name: pagc_lex; Type: TABLE DATA; Schema: tiger; Owner: root
--

COPY tiger.pagc_lex (id, seq, word, stdword, token, is_custom) FROM stdin;
\.


--
-- Data for Name: pagc_rules; Type: TABLE DATA; Schema: tiger; Owner: root
--

COPY tiger.pagc_rules (id, rule, is_custom) FROM stdin;
\.


--
-- Data for Name: topology; Type: TABLE DATA; Schema: topology; Owner: root
--

COPY topology.topology (id, name, srid, "precision", hasz) FROM stdin;
\.


--
-- Data for Name: layer; Type: TABLE DATA; Schema: topology; Owner: root
--

COPY topology.layer (topology_id, layer_id, schema_name, table_name, feature_column, feature_type, level, child_id) FROM stdin;
\.


--
-- Name: topology_id_seq; Type: SEQUENCE SET; Schema: topology; Owner: root
--

SELECT pg_catalog.setval('topology.topology_id_seq', 1, false);


--
-- Name: Accesibilidad Accesibilidad_pkey; Type: CONSTRAINT; Schema: public; Owner: root
--

ALTER TABLE ONLY public."Accesibilidad"
    ADD CONSTRAINT "Accesibilidad_pkey" PRIMARY KEY (id_accesibilidad);


--
-- Name: Estacion Estacion_pkey; Type: CONSTRAINT; Schema: public; Owner: root
--

ALTER TABLE ONLY public."Estacion"
    ADD CONSTRAINT "Estacion_pkey" PRIMARY KEY (id_estacion);


--
-- Name: Imagen Imagen_pkey; Type: CONSTRAINT; Schema: public; Owner: root
--

ALTER TABLE ONLY public."Imagen"
    ADD CONSTRAINT "Imagen_pkey" PRIMARY KEY (id_imagen);


--
-- Name: Incidente Incidente_pkey; Type: CONSTRAINT; Schema: public; Owner: root
--

ALTER TABLE ONLY public."Incidente"
    ADD CONSTRAINT "Incidente_pkey" PRIMARY KEY (id_incidente);


--
-- Name: LineaEstacion LineaEstacion_pkey; Type: CONSTRAINT; Schema: public; Owner: root
--

ALTER TABLE ONLY public."LineaEstacion"
    ADD CONSTRAINT "LineaEstacion_pkey" PRIMARY KEY (id_linea_estacion);


--
-- Name: Linea Linea_pkey; Type: CONSTRAINT; Schema: public; Owner: root
--

ALTER TABLE ONLY public."Linea"
    ADD CONSTRAINT "Linea_pkey" PRIMARY KEY (id_linea);


--
-- Name: Poste Poste_pkey; Type: CONSTRAINT; Schema: public; Owner: root
--

ALTER TABLE ONLY public."Poste"
    ADD CONSTRAINT "Poste_pkey" PRIMARY KEY (id_poste);


--
-- Name: Servicio Servicio_pkey; Type: CONSTRAINT; Schema: public; Owner: root
--

ALTER TABLE ONLY public."Servicio"
    ADD CONSTRAINT "Servicio_pkey" PRIMARY KEY (id_servicio);


--
-- Name: _prisma_migrations _prisma_migrations_pkey; Type: CONSTRAINT; Schema: public; Owner: root
--

ALTER TABLE ONLY public._prisma_migrations
    ADD CONSTRAINT _prisma_migrations_pkey PRIMARY KEY (id);


--
-- Name: Accesibilidad_id_estacion_key; Type: INDEX; Schema: public; Owner: root
--

CREATE UNIQUE INDEX "Accesibilidad_id_estacion_key" ON public."Accesibilidad" USING btree (id_estacion);


--
-- Name: LineaEstacion_id_linea_id_estacion_key; Type: INDEX; Schema: public; Owner: root
--

CREATE UNIQUE INDEX "LineaEstacion_id_linea_id_estacion_key" ON public."LineaEstacion" USING btree (id_linea, id_estacion);


--
-- Name: Linea_color_key; Type: INDEX; Schema: public; Owner: root
--

CREATE UNIQUE INDEX "Linea_color_key" ON public."Linea" USING btree (color);


--
-- Name: Accesibilidad Accesibilidad_id_estacion_fkey; Type: FK CONSTRAINT; Schema: public; Owner: root
--

ALTER TABLE ONLY public."Accesibilidad"
    ADD CONSTRAINT "Accesibilidad_id_estacion_fkey" FOREIGN KEY (id_estacion) REFERENCES public."Estacion"(id_estacion) ON UPDATE CASCADE ON DELETE RESTRICT;


--
-- Name: Imagen Imagen_id_estacion_fkey; Type: FK CONSTRAINT; Schema: public; Owner: root
--

ALTER TABLE ONLY public."Imagen"
    ADD CONSTRAINT "Imagen_id_estacion_fkey" FOREIGN KEY (id_estacion) REFERENCES public."Estacion"(id_estacion) ON UPDATE CASCADE ON DELETE RESTRICT;


--
-- Name: Incidente Incidente_id_linea_fkey; Type: FK CONSTRAINT; Schema: public; Owner: root
--

ALTER TABLE ONLY public."Incidente"
    ADD CONSTRAINT "Incidente_id_linea_fkey" FOREIGN KEY (id_linea) REFERENCES public."Linea"(id_linea) ON UPDATE CASCADE ON DELETE RESTRICT;


--
-- Name: LineaEstacion LineaEstacion_id_estacion_fkey; Type: FK CONSTRAINT; Schema: public; Owner: root
--

ALTER TABLE ONLY public."LineaEstacion"
    ADD CONSTRAINT "LineaEstacion_id_estacion_fkey" FOREIGN KEY (id_estacion) REFERENCES public."Estacion"(id_estacion) ON UPDATE CASCADE ON DELETE RESTRICT;


--
-- Name: LineaEstacion LineaEstacion_id_linea_fkey; Type: FK CONSTRAINT; Schema: public; Owner: root
--

ALTER TABLE ONLY public."LineaEstacion"
    ADD CONSTRAINT "LineaEstacion_id_linea_fkey" FOREIGN KEY (id_linea) REFERENCES public."Linea"(id_linea) ON UPDATE CASCADE ON DELETE RESTRICT;


--
-- Name: Poste Poste_id_linea_fkey; Type: FK CONSTRAINT; Schema: public; Owner: root
--

ALTER TABLE ONLY public."Poste"
    ADD CONSTRAINT "Poste_id_linea_fkey" FOREIGN KEY (id_linea) REFERENCES public."Linea"(id_linea) ON UPDATE CASCADE ON DELETE RESTRICT;


--
-- Name: Servicio Servicio_id_estacion_fkey; Type: FK CONSTRAINT; Schema: public; Owner: root
--

ALTER TABLE ONLY public."Servicio"
    ADD CONSTRAINT "Servicio_id_estacion_fkey" FOREIGN KEY (id_estacion) REFERENCES public."Estacion"(id_estacion) ON UPDATE CASCADE ON DELETE RESTRICT;


--
-- PostgreSQL database dump complete
--

